step,residual
   2000,  3.580931E-02
   4000,  6.532635E-03
   6000,  9.375673E-04
   8000,  1.245209E-04
  10000,  1.659023E-05
  12000,  2.255951E-06
  14000,  3.163849E-07
